{
	"info": {
		"_postman_id": "8eb1467d-abe1-469c-b6e1-bad2eeaac63d",
		"name": "CollectionUsuario",
		"schema": "https://schema.getpostman.com/json/collection/v2.1.0/collection.json",
		"_exporter_id": "17493547",
		"_collection_link": "https://martian-rocket-732734.postman.co/workspace/Test~9e174378-7dd2-40ef-9b1c-af92d853130e/collection/17493547-8eb1467d-abe1-469c-b6e1-bad2eeaac63d?action=share&source=collection_link&creator=17493547"
	},
	"item": [
		{
			"name": "add_user",
			"request": {
				"method": "POST",
				"header": [],
				"body": {
					"mode": "raw",
					"raw": "{\r\n    \"nombre\":\"jacobo526\",\r\n    \"email\":\"jacobo.rafael.dev@gmail.com\",\r\n    \"password\":\"DEV741\"\r\n}",
					"options": {
						"raw": {
							"language": "json"
						}
					}
				},
				"url": {
					"raw": "http://localhost:8080/api/usuario/add",
					"protocol": "http",
					"host": [
						"localhost"
					],
					"port": "8080",
					"path": [
						"api",
						"usuario",
						"add"
					]
				}
			},
			"response": []
		},
		{
			"name": "select_user",
			"request": {
				"method": "GET",
				"header": []
			},
			"response": []
		}
	]
}